--
-- PostgreSQL database dump
--

-- Dumped from database version 16.3 (Debian 16.3-1.pgdg120+1)
-- Dumped by pg_dump version 16.3 (Debian 16.3-1.pgdg120+1)

SET statement_timeout = 0;
SET lock_timeout = 0;
SET idle_in_transaction_session_timeout = 0;
SET client_encoding = 'UTF8';
SET standard_conforming_strings = on;
SELECT pg_catalog.set_config('search_path', '', false);
SET check_function_bodies = false;
SET xmloption = content;
SET client_min_messages = warning;
SET row_security = off;

SET default_tablespace = '';

SET default_table_access_method = heap;

--
-- Name: auth_group; Type: TABLE; Schema: public; Owner: postgres
--

CREATE TABLE public.auth_group (
    id integer NOT NULL,
    name character varying(150) NOT NULL
);


ALTER TABLE public.auth_group OWNER TO postgres;

--
-- Name: auth_group_id_seq; Type: SEQUENCE; Schema: public; Owner: postgres
--

ALTER TABLE public.auth_group ALTER COLUMN id ADD GENERATED BY DEFAULT AS IDENTITY (
    SEQUENCE NAME public.auth_group_id_seq
    START WITH 1
    INCREMENT BY 1
    NO MINVALUE
    NO MAXVALUE
    CACHE 1
);


--
-- Name: auth_group_permissions; Type: TABLE; Schema: public; Owner: postgres
--

CREATE TABLE public.auth_group_permissions (
    id bigint NOT NULL,
    group_id integer NOT NULL,
    permission_id integer NOT NULL
);


ALTER TABLE public.auth_group_permissions OWNER TO postgres;

--
-- Name: auth_group_permissions_id_seq; Type: SEQUENCE; Schema: public; Owner: postgres
--

ALTER TABLE public.auth_group_permissions ALTER COLUMN id ADD GENERATED BY DEFAULT AS IDENTITY (
    SEQUENCE NAME public.auth_group_permissions_id_seq
    START WITH 1
    INCREMENT BY 1
    NO MINVALUE
    NO MAXVALUE
    CACHE 1
);


--
-- Name: auth_permission; Type: TABLE; Schema: public; Owner: postgres
--

CREATE TABLE public.auth_permission (
    id integer NOT NULL,
    name character varying(255) NOT NULL,
    content_type_id integer NOT NULL,
    codename character varying(100) NOT NULL
);


ALTER TABLE public.auth_permission OWNER TO postgres;

--
-- Name: auth_permission_id_seq; Type: SEQUENCE; Schema: public; Owner: postgres
--

ALTER TABLE public.auth_permission ALTER COLUMN id ADD GENERATED BY DEFAULT AS IDENTITY (
    SEQUENCE NAME public.auth_permission_id_seq
    START WITH 1
    INCREMENT BY 1
    NO MINVALUE
    NO MAXVALUE
    CACHE 1
);


--
-- Name: auth_user; Type: TABLE; Schema: public; Owner: postgres
--

CREATE TABLE public.auth_user (
    id integer NOT NULL,
    password character varying(128) NOT NULL,
    last_login timestamp with time zone,
    is_superuser boolean NOT NULL,
    username character varying(150) NOT NULL,
    first_name character varying(150) NOT NULL,
    last_name character varying(150) NOT NULL,
    email character varying(254) NOT NULL,
    is_staff boolean NOT NULL,
    is_active boolean NOT NULL,
    date_joined timestamp with time zone NOT NULL
);


ALTER TABLE public.auth_user OWNER TO postgres;

--
-- Name: auth_user_groups; Type: TABLE; Schema: public; Owner: postgres
--

CREATE TABLE public.auth_user_groups (
    id bigint NOT NULL,
    user_id integer NOT NULL,
    group_id integer NOT NULL
);


ALTER TABLE public.auth_user_groups OWNER TO postgres;

--
-- Name: auth_user_groups_id_seq; Type: SEQUENCE; Schema: public; Owner: postgres
--

ALTER TABLE public.auth_user_groups ALTER COLUMN id ADD GENERATED BY DEFAULT AS IDENTITY (
    SEQUENCE NAME public.auth_user_groups_id_seq
    START WITH 1
    INCREMENT BY 1
    NO MINVALUE
    NO MAXVALUE
    CACHE 1
);


--
-- Name: auth_user_id_seq; Type: SEQUENCE; Schema: public; Owner: postgres
--

ALTER TABLE public.auth_user ALTER COLUMN id ADD GENERATED BY DEFAULT AS IDENTITY (
    SEQUENCE NAME public.auth_user_id_seq
    START WITH 1
    INCREMENT BY 1
    NO MINVALUE
    NO MAXVALUE
    CACHE 1
);


--
-- Name: auth_user_user_permissions; Type: TABLE; Schema: public; Owner: postgres
--

CREATE TABLE public.auth_user_user_permissions (
    id bigint NOT NULL,
    user_id integer NOT NULL,
    permission_id integer NOT NULL
);


ALTER TABLE public.auth_user_user_permissions OWNER TO postgres;

--
-- Name: auth_user_user_permissions_id_seq; Type: SEQUENCE; Schema: public; Owner: postgres
--

ALTER TABLE public.auth_user_user_permissions ALTER COLUMN id ADD GENERATED BY DEFAULT AS IDENTITY (
    SEQUENCE NAME public.auth_user_user_permissions_id_seq
    START WITH 1
    INCREMENT BY 1
    NO MINVALUE
    NO MAXVALUE
    CACHE 1
);


--
-- Name: authtoken_token; Type: TABLE; Schema: public; Owner: postgres
--

CREATE TABLE public.authtoken_token (
    key character varying(40) NOT NULL,
    created timestamp with time zone NOT NULL,
    user_id integer NOT NULL
);


ALTER TABLE public.authtoken_token OWNER TO postgres;

--
-- Name: core_friendrequest; Type: TABLE; Schema: public; Owner: postgres
--

CREATE TABLE public.core_friendrequest (
    id bigint NOT NULL,
    "timestamp" timestamp with time zone NOT NULL,
    receiver_id integer NOT NULL,
    sender_id integer NOT NULL,
    status character varying(100) NOT NULL
);


ALTER TABLE public.core_friendrequest OWNER TO postgres;

--
-- Name: core_friendrequest_id_seq; Type: SEQUENCE; Schema: public; Owner: postgres
--

ALTER TABLE public.core_friendrequest ALTER COLUMN id ADD GENERATED BY DEFAULT AS IDENTITY (
    SEQUENCE NAME public.core_friendrequest_id_seq
    START WITH 1
    INCREMENT BY 1
    NO MINVALUE
    NO MAXVALUE
    CACHE 1
);


--
-- Name: django_admin_log; Type: TABLE; Schema: public; Owner: postgres
--

CREATE TABLE public.django_admin_log (
    id integer NOT NULL,
    action_time timestamp with time zone NOT NULL,
    object_id text,
    object_repr character varying(200) NOT NULL,
    action_flag smallint NOT NULL,
    change_message text NOT NULL,
    content_type_id integer,
    user_id integer NOT NULL,
    CONSTRAINT django_admin_log_action_flag_check CHECK ((action_flag >= 0))
);


ALTER TABLE public.django_admin_log OWNER TO postgres;

--
-- Name: django_admin_log_id_seq; Type: SEQUENCE; Schema: public; Owner: postgres
--

ALTER TABLE public.django_admin_log ALTER COLUMN id ADD GENERATED BY DEFAULT AS IDENTITY (
    SEQUENCE NAME public.django_admin_log_id_seq
    START WITH 1
    INCREMENT BY 1
    NO MINVALUE
    NO MAXVALUE
    CACHE 1
);


--
-- Name: django_content_type; Type: TABLE; Schema: public; Owner: postgres
--

CREATE TABLE public.django_content_type (
    id integer NOT NULL,
    app_label character varying(100) NOT NULL,
    model character varying(100) NOT NULL
);


ALTER TABLE public.django_content_type OWNER TO postgres;

--
-- Name: django_content_type_id_seq; Type: SEQUENCE; Schema: public; Owner: postgres
--

ALTER TABLE public.django_content_type ALTER COLUMN id ADD GENERATED BY DEFAULT AS IDENTITY (
    SEQUENCE NAME public.django_content_type_id_seq
    START WITH 1
    INCREMENT BY 1
    NO MINVALUE
    NO MAXVALUE
    CACHE 1
);


--
-- Name: django_migrations; Type: TABLE; Schema: public; Owner: postgres
--

CREATE TABLE public.django_migrations (
    id bigint NOT NULL,
    app character varying(255) NOT NULL,
    name character varying(255) NOT NULL,
    applied timestamp with time zone NOT NULL
);


ALTER TABLE public.django_migrations OWNER TO postgres;

--
-- Name: django_migrations_id_seq; Type: SEQUENCE; Schema: public; Owner: postgres
--

ALTER TABLE public.django_migrations ALTER COLUMN id ADD GENERATED BY DEFAULT AS IDENTITY (
    SEQUENCE NAME public.django_migrations_id_seq
    START WITH 1
    INCREMENT BY 1
    NO MINVALUE
    NO MAXVALUE
    CACHE 1
);


--
-- Name: django_session; Type: TABLE; Schema: public; Owner: postgres
--

CREATE TABLE public.django_session (
    session_key character varying(40) NOT NULL,
    session_data text NOT NULL,
    expire_date timestamp with time zone NOT NULL
);


ALTER TABLE public.django_session OWNER TO postgres;

--
-- Data for Name: auth_group; Type: TABLE DATA; Schema: public; Owner: postgres
--

COPY public.auth_group (id, name) FROM stdin;
\.


--
-- Data for Name: auth_group_permissions; Type: TABLE DATA; Schema: public; Owner: postgres
--

COPY public.auth_group_permissions (id, group_id, permission_id) FROM stdin;
\.


--
-- Data for Name: auth_permission; Type: TABLE DATA; Schema: public; Owner: postgres
--

COPY public.auth_permission (id, name, content_type_id, codename) FROM stdin;
1	Can add log entry	1	add_logentry
2	Can change log entry	1	change_logentry
3	Can delete log entry	1	delete_logentry
4	Can view log entry	1	view_logentry
5	Can add permission	2	add_permission
6	Can change permission	2	change_permission
7	Can delete permission	2	delete_permission
8	Can view permission	2	view_permission
9	Can add group	3	add_group
10	Can change group	3	change_group
11	Can delete group	3	delete_group
12	Can view group	3	view_group
13	Can add user	4	add_user
14	Can change user	4	change_user
15	Can delete user	4	delete_user
16	Can view user	4	view_user
17	Can add content type	5	add_contenttype
18	Can change content type	5	change_contenttype
19	Can delete content type	5	delete_contenttype
20	Can view content type	5	view_contenttype
21	Can add session	6	add_session
22	Can change session	6	change_session
23	Can delete session	6	delete_session
24	Can view session	6	view_session
25	Can add friend request	7	add_friendrequest
26	Can change friend request	7	change_friendrequest
27	Can delete friend request	7	delete_friendrequest
28	Can view friend request	7	view_friendrequest
29	Can add Token	8	add_token
30	Can change Token	8	change_token
31	Can delete Token	8	delete_token
32	Can view Token	8	view_token
33	Can add Token	9	add_tokenproxy
34	Can change Token	9	change_tokenproxy
35	Can delete Token	9	delete_tokenproxy
36	Can view Token	9	view_tokenproxy
\.


--
-- Data for Name: auth_user; Type: TABLE DATA; Schema: public; Owner: postgres
--

COPY public.auth_user (id, password, last_login, is_superuser, username, first_name, last_name, email, is_staff, is_active, date_joined) FROM stdin;
1	pbkdf2_sha256$600000$39bu59S6iQU0dUMuuNgCMG$RfxSQZwsk+QuetYqrEg4iHo1BcrWTVYHzWXMCgv+HBM=	\N	f	Neville			neville@england.com	f	t	2024-06-01 11:26:13.256288+00
2	pbkdf2_sha256$600000$39bu59S6iQU0dUMuuNgCMG$RfxSQZwsk+QuetYqrEg4iHo1BcrWTVYHzWXMCgv+HBM=	\N	f	Franklin			franklin@example.com	f	t	2024-06-01 11:26:13.256+00
3	pbkdf2_sha256$600000$39bu59S6iQU0dUMuuNgCMG$RfxSQZwsk+QuetYqrEg4iHo1BcrWTVYHzWXMCgv+HBM=	\N	f	Jacqueline			jacqueline@example.com	f	t	2024-06-01 11:26:13.256+00
4	pbkdf2_sha256$600000$39bu59S6iQU0dUMuuNgCMG$RfxSQZwsk+QuetYqrEg4iHo1BcrWTVYHzWXMCgv+HBM=	\N	f	Victoria			victoria@example.com	f	t	2024-06-01 11:26:13.256+00
5	pbkdf2_sha256$600000$39bu59S6iQU0dUMuuNgCMG$RfxSQZwsk+QuetYqrEg4iHo1BcrWTVYHzWXMCgv+HBM=	\N	f	Ernest			ernest@example.com	f	t	2024-06-01 11:26:13.256+00
6	pbkdf2_sha256$600000$39bu59S6iQU0dUMuuNgCMG$RfxSQZwsk+QuetYqrEg4iHo1BcrWTVYHzWXMCgv+HBM=	\N	f	Samantha			samantha@example.com	f	t	2024-06-01 11:26:13.256+00
7	pbkdf2_sha256$600000$39bu59S6iQU0dUMuuNgCMG$RfxSQZwsk+QuetYqrEg4iHo1BcrWTVYHzWXMCgv+HBM=	\N	f	Oliver			oliver@example.com	f	t	2024-06-01 11:26:13.256+00
8	pbkdf2_sha256$600000$39bu59S6iQU0dUMuuNgCMG$RfxSQZwsk+QuetYqrEg4iHo1BcrWTVYHzWXMCgv+HBM=	\N	f	Teresa			teresa@example.com	f	t	2024-06-01 11:26:13.256+00
9	pbkdf2_sha256$600000$39bu59S6iQU0dUMuuNgCMG$RfxSQZwsk+QuetYqrEg4iHo1BcrWTVYHzWXMCgv+HBM=	\N	f	Diana			diana@example.com	f	t	2024-06-01 11:26:13.256+00
10	pbkdf2_sha256$600000$39bu59S6iQU0dUMuuNgCMG$RfxSQZwsk+QuetYqrEg4iHo1BcrWTVYHzWXMCgv+HBM=	\N	f	Lester			lester@example.com	f	t	2024-06-01 11:26:13.256+00
11	pbkdf2_sha256$600000$39bu59S6iQU0dUMuuNgCMG$RfxSQZwsk+QuetYqrEg4iHo1BcrWTVYHzWXMCgv+HBM=	\N	f	Maureen			maureen@example.com	f	t	2024-06-01 11:26:13.256+00
12	pbkdf2_sha256$600000$39bu59S6iQU0dUMuuNgCMG$RfxSQZwsk+QuetYqrEg4iHo1BcrWTVYHzWXMCgv+HBM=	\N	f	Phillip			phillip@example.com	f	t	2024-06-01 11:26:13.256+00
13	pbkdf2_sha256$600000$39bu59S6iQU0dUMuuNgCMG$RfxSQZwsk+QuetYqrEg4iHo1BcrWTVYHzWXMCgv+HBM=	\N	f	Beth			beth@example.com	f	t	2024-06-01 11:26:13.256+00
14	pbkdf2_sha256$600000$39bu59S6iQU0dUMuuNgCMG$RfxSQZwsk+QuetYqrEg4iHo1BcrWTVYHzWXMCgv+HBM=	\N	f	Shane			shane@example.com	f	t	2024-06-01 11:26:13.256+00
15	pbkdf2_sha256$600000$39bu59S6iQU0dUMuuNgCMG$RfxSQZwsk+QuetYqrEg4iHo1BcrWTVYHzWXMCgv+HBM=	\N	f	Liam			liam@example.com	f	t	2024-06-01 11:26:13.256+00
16	pbkdf2_sha256$600000$39bu59S6iQU0dUMuuNgCMG$RfxSQZwsk+QuetYqrEg4iHo1BcrWTVYHzWXMCgv+HBM=	\N	f	Charlotte			charlotte@example.com	f	t	2024-06-01 11:26:13.256+00
17	pbkdf2_sha256$600000$39bu59S6iQU0dUMuuNgCMG$RfxSQZwsk+QuetYqrEg4iHo1BcrWTVYHzWXMCgv+HBM=	\N	f	Theodore			theodore@example.com	f	t	2024-06-01 11:26:13.256+00
18	pbkdf2_sha256$600000$39bu59S6iQU0dUMuuNgCMG$RfxSQZwsk+QuetYqrEg4iHo1BcrWTVYHzWXMCgv+HBM=	\N	f	Eleanor			eleanor@example.com	f	t	2024-06-01 11:26:13.256+00
19	pbkdf2_sha256$600000$39bu59S6iQU0dUMuuNgCMG$RfxSQZwsk+QuetYqrEg4iHo1BcrWTVYHzWXMCgv+HBM=	\N	f	Leo			leo@example.com	f	t	2024-06-01 11:26:13.256+00
20	pbkdf2_sha256$600000$39bu59S6iQU0dUMuuNgCMG$RfxSQZwsk+QuetYqrEg4iHo1BcrWTVYHzWXMCgv+HBM=	\N	f	Grace			grace@example.com	f	t	2024-06-01 11:26:13.256+00
21	pbkdf2_sha256$600000$39bu59S6iQU0dUMuuNgCMG$RfxSQZwsk+QuetYqrEg4iHo1BcrWTVYHzWXMCgv+HBM=	\N	f	Elias			elias@example.com	f	t	2024-06-01 11:26:13.256+00
22	pbkdf2_sha256$600000$39bu59S6iQU0dUMuuNgCMG$RfxSQZwsk+QuetYqrEg4iHo1BcrWTVYHzWXMCgv+HBM=	\N	f	Hazel			hazel@example.com	f	t	2024-06-01 11:26:13.256+00
23	pbkdf2_sha256$600000$39bu59S6iQU0dUMuuNgCMG$RfxSQZwsk+QuetYqrEg4iHo1BcrWTVYHzWXMCgv+HBM=	\N	f	Olivia			olivia@example.com	f	t	2024-06-01 11:26:13.256+00
24	pbkdf2_sha256$600000$39bu59S6iQU0dUMuuNgCMG$RfxSQZwsk+QuetYqrEg4iHo1BcrWTVYHzWXMCgv+HBM=	\N	f	Henry			henry@example.com	f	t	2024-06-01 11:26:13.256+00
25	pbkdf2_sha256$600000$39bu59S6iQU0dUMuuNgCMG$RfxSQZwsk+QuetYqrEg4iHo1BcrWTVYHzWXMCgv+HBM=	\N	f	Emma			emma@example.com	f	t	2024-06-01 11:26:13.256+00
\.


--
-- Data for Name: auth_user_groups; Type: TABLE DATA; Schema: public; Owner: postgres
--

COPY public.auth_user_groups (id, user_id, group_id) FROM stdin;
\.


--
-- Data for Name: auth_user_user_permissions; Type: TABLE DATA; Schema: public; Owner: postgres
--

COPY public.auth_user_user_permissions (id, user_id, permission_id) FROM stdin;
\.


--
-- Data for Name: authtoken_token; Type: TABLE DATA; Schema: public; Owner: postgres
--

COPY public.authtoken_token (key, created, user_id) FROM stdin;
938b376c4608b10e60b0eb33eb3f880d9db15733	2024-06-01 12:09:12.886718+00	2
\.


--
-- Data for Name: core_friendrequest; Type: TABLE DATA; Schema: public; Owner: postgres
--

COPY public.core_friendrequest (id, "timestamp", receiver_id, sender_id, status) FROM stdin;
2	2024-06-01 12:08:46.116+00	3	1	PENDING
3	2024-06-01 12:08:46.116+00	5	12	PENDING
4	2024-06-01 12:08:46.116+00	7	18	PENDING
5	2024-06-01 12:08:46.116+00	10	20	PENDING
6	2024-06-01 12:08:46.116+00	15	21	PENDING
7	2024-06-01 12:08:46.116+00	20	9	PENDING
8	2024-06-01 12:08:46.116+00	8	4	PENDING
9	2024-06-01 12:08:46.116+00	25	2	PENDING
10	2024-06-01 12:08:46.116+00	11	6	PENDING
11	2024-06-01 12:08:46.116+00	13	19	PENDING
12	2024-06-01 12:08:46.116+00	16	17	PENDING
13	2024-06-01 12:08:46.116+00	22	5	PENDING
14	2024-06-01 12:08:46.116+00	24	23	PENDING
15	2024-06-01 12:08:46.116+00	1	8	PENDING
16	2024-06-01 12:08:46.116+00	14	7	PENDING
17	2024-06-01 12:08:46.116+00	18	16	PENDING
18	2024-06-01 12:08:46.116+00	9	13	PENDING
19	2024-06-01 12:08:46.116+00	6	22	PENDING
20	2024-06-01 12:08:46.116+00	17	3	PENDING
21	2024-06-01 12:08:46.116+00	2	14	PENDING
\.


--
-- Data for Name: django_admin_log; Type: TABLE DATA; Schema: public; Owner: postgres
--

COPY public.django_admin_log (id, action_time, object_id, object_repr, action_flag, change_message, content_type_id, user_id) FROM stdin;
\.


--
-- Data for Name: django_content_type; Type: TABLE DATA; Schema: public; Owner: postgres
--

COPY public.django_content_type (id, app_label, model) FROM stdin;
1	admin	logentry
2	auth	permission
3	auth	group
4	auth	user
5	contenttypes	contenttype
6	sessions	session
7	core	friendrequest
8	authtoken	token
9	authtoken	tokenproxy
\.


--
-- Data for Name: django_migrations; Type: TABLE DATA; Schema: public; Owner: postgres
--

COPY public.django_migrations (id, app, name, applied) FROM stdin;
1	contenttypes	0001_initial	2024-06-01 11:21:38.035722+00
2	auth	0001_initial	2024-06-01 11:21:38.204165+00
3	admin	0001_initial	2024-06-01 11:21:38.252739+00
4	admin	0002_logentry_remove_auto_add	2024-06-01 11:21:38.270115+00
5	admin	0003_logentry_add_action_flag_choices	2024-06-01 11:21:38.296749+00
6	contenttypes	0002_remove_content_type_name	2024-06-01 11:21:38.349112+00
7	auth	0002_alter_permission_name_max_length	2024-06-01 11:21:38.368057+00
8	auth	0003_alter_user_email_max_length	2024-06-01 11:21:38.392321+00
9	auth	0004_alter_user_username_opts	2024-06-01 11:21:38.416224+00
10	auth	0005_alter_user_last_login_null	2024-06-01 11:21:38.438595+00
11	auth	0006_require_contenttypes_0002	2024-06-01 11:21:38.444555+00
12	auth	0007_alter_validators_add_error_messages	2024-06-01 11:21:38.462854+00
13	auth	0008_alter_user_username_max_length	2024-06-01 11:21:38.493543+00
14	auth	0009_alter_user_last_name_max_length	2024-06-01 11:21:38.511273+00
15	auth	0010_alter_group_name_max_length	2024-06-01 11:21:38.532865+00
16	auth	0011_update_proxy_permissions	2024-06-01 11:21:38.551035+00
17	auth	0012_alter_user_first_name_max_length	2024-06-01 11:21:38.569642+00
18	authtoken	0001_initial	2024-06-01 11:21:38.608737+00
19	authtoken	0002_auto_20160226_1747	2024-06-01 11:21:38.663459+00
20	authtoken	0003_tokenproxy	2024-06-01 11:21:38.669773+00
21	authtoken	0004_alter_tokenproxy_options	2024-06-01 11:21:38.682218+00
22	core	0001_initial	2024-06-01 11:21:38.7327+00
23	core	0002_alter_friendrequest_timestamp	2024-06-01 11:21:38.747635+00
24	core	0003_friendrequest_status_alter_friendrequest_timestamp	2024-06-01 11:21:38.781605+00
25	core	0004_alter_friendrequest_timestamp	2024-06-01 11:21:38.805774+00
26	core	0005_alter_friendrequest_timestamp	2024-06-01 11:21:38.834647+00
27	core	0006_alter_friendrequest_timestamp	2024-06-01 11:21:38.85333+00
28	core	0007_alter_friendrequest_timestamp	2024-06-01 11:21:38.872516+00
29	core	0008_alter_friendrequest_timestamp	2024-06-01 11:21:38.892586+00
30	core	0009_alter_friendrequest_timestamp	2024-06-01 11:21:38.91348+00
31	core	0010_alter_friendrequest_timestamp	2024-06-01 11:21:38.938342+00
32	sessions	0001_initial	2024-06-01 11:21:38.973569+00
\.


--
-- Data for Name: django_session; Type: TABLE DATA; Schema: public; Owner: postgres
--

COPY public.django_session (session_key, session_data, expire_date) FROM stdin;
\.


--
-- Name: auth_group_id_seq; Type: SEQUENCE SET; Schema: public; Owner: postgres
--

SELECT pg_catalog.setval('public.auth_group_id_seq', 1, false);


--
-- Name: auth_group_permissions_id_seq; Type: SEQUENCE SET; Schema: public; Owner: postgres
--

SELECT pg_catalog.setval('public.auth_group_permissions_id_seq', 1, false);


--
-- Name: auth_permission_id_seq; Type: SEQUENCE SET; Schema: public; Owner: postgres
--

SELECT pg_catalog.setval('public.auth_permission_id_seq', 66, true);


--
-- Name: auth_user_groups_id_seq; Type: SEQUENCE SET; Schema: public; Owner: postgres
--

SELECT pg_catalog.setval('public.auth_user_groups_id_seq', 1, false);


--
-- Name: auth_user_id_seq; Type: SEQUENCE SET; Schema: public; Owner: postgres
--

SELECT pg_catalog.setval('public.auth_user_id_seq', 33, true);


--
-- Name: auth_user_user_permissions_id_seq; Type: SEQUENCE SET; Schema: public; Owner: postgres
--

SELECT pg_catalog.setval('public.auth_user_user_permissions_id_seq', 1, false);


--
-- Name: core_friendrequest_id_seq; Type: SEQUENCE SET; Schema: public; Owner: postgres
--

SELECT pg_catalog.setval('public.core_friendrequest_id_seq', 4, true);


--
-- Name: django_admin_log_id_seq; Type: SEQUENCE SET; Schema: public; Owner: postgres
--

SELECT pg_catalog.setval('public.django_admin_log_id_seq', 1, false);


--
-- Name: django_content_type_id_seq; Type: SEQUENCE SET; Schema: public; Owner: postgres
--

SELECT pg_catalog.setval('public.django_content_type_id_seq', 33, true);


--
-- Name: django_migrations_id_seq; Type: SEQUENCE SET; Schema: public; Owner: postgres
--

SELECT pg_catalog.setval('public.django_migrations_id_seq', 33, true);


--
-- Name: auth_group auth_group_name_key; Type: CONSTRAINT; Schema: public; Owner: postgres
--

ALTER TABLE ONLY public.auth_group
    ADD CONSTRAINT auth_group_name_key UNIQUE (name);


--
-- Name: auth_group_permissions auth_group_permissions_group_id_permission_id_0cd325b0_uniq; Type: CONSTRAINT; Schema: public; Owner: postgres
--

ALTER TABLE ONLY public.auth_group_permissions
    ADD CONSTRAINT auth_group_permissions_group_id_permission_id_0cd325b0_uniq UNIQUE (group_id, permission_id);


--
-- Name: auth_group_permissions auth_group_permissions_pkey; Type: CONSTRAINT; Schema: public; Owner: postgres
--

ALTER TABLE ONLY public.auth_group_permissions
    ADD CONSTRAINT auth_group_permissions_pkey PRIMARY KEY (id);


--
-- Name: auth_group auth_group_pkey; Type: CONSTRAINT; Schema: public; Owner: postgres
--

ALTER TABLE ONLY public.auth_group
    ADD CONSTRAINT auth_group_pkey PRIMARY KEY (id);


--
-- Name: auth_permission auth_permission_content_type_id_codename_01ab375a_uniq; Type: CONSTRAINT; Schema: public; Owner: postgres
--

ALTER TABLE ONLY public.auth_permission
    ADD CONSTRAINT auth_permission_content_type_id_codename_01ab375a_uniq UNIQUE (content_type_id, codename);


--
-- Name: auth_permission auth_permission_pkey; Type: CONSTRAINT; Schema: public; Owner: postgres
--

ALTER TABLE ONLY public.auth_permission
    ADD CONSTRAINT auth_permission_pkey PRIMARY KEY (id);


--
-- Name: auth_user_groups auth_user_groups_pkey; Type: CONSTRAINT; Schema: public; Owner: postgres
--

ALTER TABLE ONLY public.auth_user_groups
    ADD CONSTRAINT auth_user_groups_pkey PRIMARY KEY (id);


--
-- Name: auth_user_groups auth_user_groups_user_id_group_id_94350c0c_uniq; Type: CONSTRAINT; Schema: public; Owner: postgres
--

ALTER TABLE ONLY public.auth_user_groups
    ADD CONSTRAINT auth_user_groups_user_id_group_id_94350c0c_uniq UNIQUE (user_id, group_id);


--
-- Name: auth_user auth_user_pkey; Type: CONSTRAINT; Schema: public; Owner: postgres
--

ALTER TABLE ONLY public.auth_user
    ADD CONSTRAINT auth_user_pkey PRIMARY KEY (id);


--
-- Name: auth_user_user_permissions auth_user_user_permissions_pkey; Type: CONSTRAINT; Schema: public; Owner: postgres
--

ALTER TABLE ONLY public.auth_user_user_permissions
    ADD CONSTRAINT auth_user_user_permissions_pkey PRIMARY KEY (id);


--
-- Name: auth_user_user_permissions auth_user_user_permissions_user_id_permission_id_14a6b632_uniq; Type: CONSTRAINT; Schema: public; Owner: postgres
--

ALTER TABLE ONLY public.auth_user_user_permissions
    ADD CONSTRAINT auth_user_user_permissions_user_id_permission_id_14a6b632_uniq UNIQUE (user_id, permission_id);


--
-- Name: auth_user auth_user_username_key; Type: CONSTRAINT; Schema: public; Owner: postgres
--

ALTER TABLE ONLY public.auth_user
    ADD CONSTRAINT auth_user_username_key UNIQUE (username);


--
-- Name: authtoken_token authtoken_token_pkey; Type: CONSTRAINT; Schema: public; Owner: postgres
--

ALTER TABLE ONLY public.authtoken_token
    ADD CONSTRAINT authtoken_token_pkey PRIMARY KEY (key);


--
-- Name: authtoken_token authtoken_token_user_id_key; Type: CONSTRAINT; Schema: public; Owner: postgres
--

ALTER TABLE ONLY public.authtoken_token
    ADD CONSTRAINT authtoken_token_user_id_key UNIQUE (user_id);


--
-- Name: core_friendrequest core_friendrequest_pkey; Type: CONSTRAINT; Schema: public; Owner: postgres
--

ALTER TABLE ONLY public.core_friendrequest
    ADD CONSTRAINT core_friendrequest_pkey PRIMARY KEY (id);


--
-- Name: core_friendrequest core_friendrequest_sender_id_receiver_id_6814e35d_uniq; Type: CONSTRAINT; Schema: public; Owner: postgres
--

ALTER TABLE ONLY public.core_friendrequest
    ADD CONSTRAINT core_friendrequest_sender_id_receiver_id_6814e35d_uniq UNIQUE (sender_id, receiver_id);


--
-- Name: django_admin_log django_admin_log_pkey; Type: CONSTRAINT; Schema: public; Owner: postgres
--

ALTER TABLE ONLY public.django_admin_log
    ADD CONSTRAINT django_admin_log_pkey PRIMARY KEY (id);


--
-- Name: django_content_type django_content_type_app_label_model_76bd3d3b_uniq; Type: CONSTRAINT; Schema: public; Owner: postgres
--

ALTER TABLE ONLY public.django_content_type
    ADD CONSTRAINT django_content_type_app_label_model_76bd3d3b_uniq UNIQUE (app_label, model);


--
-- Name: django_content_type django_content_type_pkey; Type: CONSTRAINT; Schema: public; Owner: postgres
--

ALTER TABLE ONLY public.django_content_type
    ADD CONSTRAINT django_content_type_pkey PRIMARY KEY (id);


--
-- Name: django_migrations django_migrations_pkey; Type: CONSTRAINT; Schema: public; Owner: postgres
--

ALTER TABLE ONLY public.django_migrations
    ADD CONSTRAINT django_migrations_pkey PRIMARY KEY (id);


--
-- Name: django_session django_session_pkey; Type: CONSTRAINT; Schema: public; Owner: postgres
--

ALTER TABLE ONLY public.django_session
    ADD CONSTRAINT django_session_pkey PRIMARY KEY (session_key);


--
-- Name: auth_group_name_a6ea08ec_like; Type: INDEX; Schema: public; Owner: postgres
--

CREATE INDEX auth_group_name_a6ea08ec_like ON public.auth_group USING btree (name varchar_pattern_ops);


--
-- Name: auth_group_permissions_group_id_b120cbf9; Type: INDEX; Schema: public; Owner: postgres
--

CREATE INDEX auth_group_permissions_group_id_b120cbf9 ON public.auth_group_permissions USING btree (group_id);


--
-- Name: auth_group_permissions_permission_id_84c5c92e; Type: INDEX; Schema: public; Owner: postgres
--

CREATE INDEX auth_group_permissions_permission_id_84c5c92e ON public.auth_group_permissions USING btree (permission_id);


--
-- Name: auth_permission_content_type_id_2f476e4b; Type: INDEX; Schema: public; Owner: postgres
--

CREATE INDEX auth_permission_content_type_id_2f476e4b ON public.auth_permission USING btree (content_type_id);


--
-- Name: auth_user_groups_group_id_97559544; Type: INDEX; Schema: public; Owner: postgres
--

CREATE INDEX auth_user_groups_group_id_97559544 ON public.auth_user_groups USING btree (group_id);


--
-- Name: auth_user_groups_user_id_6a12ed8b; Type: INDEX; Schema: public; Owner: postgres
--

CREATE INDEX auth_user_groups_user_id_6a12ed8b ON public.auth_user_groups USING btree (user_id);


--
-- Name: auth_user_user_permissions_permission_id_1fbb5f2c; Type: INDEX; Schema: public; Owner: postgres
--

CREATE INDEX auth_user_user_permissions_permission_id_1fbb5f2c ON public.auth_user_user_permissions USING btree (permission_id);


--
-- Name: auth_user_user_permissions_user_id_a95ead1b; Type: INDEX; Schema: public; Owner: postgres
--

CREATE INDEX auth_user_user_permissions_user_id_a95ead1b ON public.auth_user_user_permissions USING btree (user_id);


--
-- Name: auth_user_username_6821ab7c_like; Type: INDEX; Schema: public; Owner: postgres
--

CREATE INDEX auth_user_username_6821ab7c_like ON public.auth_user USING btree (username varchar_pattern_ops);


--
-- Name: authtoken_token_key_10f0b77e_like; Type: INDEX; Schema: public; Owner: postgres
--

CREATE INDEX authtoken_token_key_10f0b77e_like ON public.authtoken_token USING btree (key varchar_pattern_ops);


--
-- Name: core_friendrequest_receiver_id_0ff191e2; Type: INDEX; Schema: public; Owner: postgres
--

CREATE INDEX core_friendrequest_receiver_id_0ff191e2 ON public.core_friendrequest USING btree (receiver_id);


--
-- Name: core_friendrequest_sender_id_ac9134fe; Type: INDEX; Schema: public; Owner: postgres
--

CREATE INDEX core_friendrequest_sender_id_ac9134fe ON public.core_friendrequest USING btree (sender_id);


--
-- Name: django_admin_log_content_type_id_c4bce8eb; Type: INDEX; Schema: public; Owner: postgres
--

CREATE INDEX django_admin_log_content_type_id_c4bce8eb ON public.django_admin_log USING btree (content_type_id);


--
-- Name: django_admin_log_user_id_c564eba6; Type: INDEX; Schema: public; Owner: postgres
--

CREATE INDEX django_admin_log_user_id_c564eba6 ON public.django_admin_log USING btree (user_id);


--
-- Name: django_session_expire_date_a5c62663; Type: INDEX; Schema: public; Owner: postgres
--

CREATE INDEX django_session_expire_date_a5c62663 ON public.django_session USING btree (expire_date);


--
-- Name: django_session_session_key_c0390e0f_like; Type: INDEX; Schema: public; Owner: postgres
--

CREATE INDEX django_session_session_key_c0390e0f_like ON public.django_session USING btree (session_key varchar_pattern_ops);


--
-- Name: auth_group_permissions auth_group_permissio_permission_id_84c5c92e_fk_auth_perm; Type: FK CONSTRAINT; Schema: public; Owner: postgres
--

ALTER TABLE ONLY public.auth_group_permissions
    ADD CONSTRAINT auth_group_permissio_permission_id_84c5c92e_fk_auth_perm FOREIGN KEY (permission_id) REFERENCES public.auth_permission(id) DEFERRABLE INITIALLY DEFERRED;


--
-- Name: auth_group_permissions auth_group_permissions_group_id_b120cbf9_fk_auth_group_id; Type: FK CONSTRAINT; Schema: public; Owner: postgres
--

ALTER TABLE ONLY public.auth_group_permissions
    ADD CONSTRAINT auth_group_permissions_group_id_b120cbf9_fk_auth_group_id FOREIGN KEY (group_id) REFERENCES public.auth_group(id) DEFERRABLE INITIALLY DEFERRED;


--
-- Name: auth_permission auth_permission_content_type_id_2f476e4b_fk_django_co; Type: FK CONSTRAINT; Schema: public; Owner: postgres
--

ALTER TABLE ONLY public.auth_permission
    ADD CONSTRAINT auth_permission_content_type_id_2f476e4b_fk_django_co FOREIGN KEY (content_type_id) REFERENCES public.django_content_type(id) DEFERRABLE INITIALLY DEFERRED;


--
-- Name: auth_user_groups auth_user_groups_group_id_97559544_fk_auth_group_id; Type: FK CONSTRAINT; Schema: public; Owner: postgres
--

ALTER TABLE ONLY public.auth_user_groups
    ADD CONSTRAINT auth_user_groups_group_id_97559544_fk_auth_group_id FOREIGN KEY (group_id) REFERENCES public.auth_group(id) DEFERRABLE INITIALLY DEFERRED;


--
-- Name: auth_user_groups auth_user_groups_user_id_6a12ed8b_fk_auth_user_id; Type: FK CONSTRAINT; Schema: public; Owner: postgres
--

ALTER TABLE ONLY public.auth_user_groups
    ADD CONSTRAINT auth_user_groups_user_id_6a12ed8b_fk_auth_user_id FOREIGN KEY (user_id) REFERENCES public.auth_user(id) DEFERRABLE INITIALLY DEFERRED;


--
-- Name: auth_user_user_permissions auth_user_user_permi_permission_id_1fbb5f2c_fk_auth_perm; Type: FK CONSTRAINT; Schema: public; Owner: postgres
--

ALTER TABLE ONLY public.auth_user_user_permissions
    ADD CONSTRAINT auth_user_user_permi_permission_id_1fbb5f2c_fk_auth_perm FOREIGN KEY (permission_id) REFERENCES public.auth_permission(id) DEFERRABLE INITIALLY DEFERRED;


--
-- Name: auth_user_user_permissions auth_user_user_permissions_user_id_a95ead1b_fk_auth_user_id; Type: FK CONSTRAINT; Schema: public; Owner: postgres
--

ALTER TABLE ONLY public.auth_user_user_permissions
    ADD CONSTRAINT auth_user_user_permissions_user_id_a95ead1b_fk_auth_user_id FOREIGN KEY (user_id) REFERENCES public.auth_user(id) DEFERRABLE INITIALLY DEFERRED;


--
-- Name: authtoken_token authtoken_token_user_id_35299eff_fk_auth_user_id; Type: FK CONSTRAINT; Schema: public; Owner: postgres
--

ALTER TABLE ONLY public.authtoken_token
    ADD CONSTRAINT authtoken_token_user_id_35299eff_fk_auth_user_id FOREIGN KEY (user_id) REFERENCES public.auth_user(id) DEFERRABLE INITIALLY DEFERRED;


--
-- Name: core_friendrequest core_friendrequest_receiver_id_0ff191e2_fk_auth_user_id; Type: FK CONSTRAINT; Schema: public; Owner: postgres
--

ALTER TABLE ONLY public.core_friendrequest
    ADD CONSTRAINT core_friendrequest_receiver_id_0ff191e2_fk_auth_user_id FOREIGN KEY (receiver_id) REFERENCES public.auth_user(id) DEFERRABLE INITIALLY DEFERRED;


--
-- Name: core_friendrequest core_friendrequest_sender_id_ac9134fe_fk_auth_user_id; Type: FK CONSTRAINT; Schema: public; Owner: postgres
--

ALTER TABLE ONLY public.core_friendrequest
    ADD CONSTRAINT core_friendrequest_sender_id_ac9134fe_fk_auth_user_id FOREIGN KEY (sender_id) REFERENCES public.auth_user(id) DEFERRABLE INITIALLY DEFERRED;


--
-- Name: django_admin_log django_admin_log_content_type_id_c4bce8eb_fk_django_co; Type: FK CONSTRAINT; Schema: public; Owner: postgres
--

ALTER TABLE ONLY public.django_admin_log
    ADD CONSTRAINT django_admin_log_content_type_id_c4bce8eb_fk_django_co FOREIGN KEY (content_type_id) REFERENCES public.django_content_type(id) DEFERRABLE INITIALLY DEFERRED;


--
-- Name: django_admin_log django_admin_log_user_id_c564eba6_fk_auth_user_id; Type: FK CONSTRAINT; Schema: public; Owner: postgres
--

ALTER TABLE ONLY public.django_admin_log
    ADD CONSTRAINT django_admin_log_user_id_c564eba6_fk_auth_user_id FOREIGN KEY (user_id) REFERENCES public.auth_user(id) DEFERRABLE INITIALLY DEFERRED;


--
-- PostgreSQL database dump complete
--

